{"data": [{"d": ["36", "5", "8", "42", "46", "39"], "s": "14", "t": "2008/01/03", "n": "\r\n\t\t\t001"}, {"d": ["33", "3", "42", "14", "32", "11"], "s": "15", "t": "2008/01/05", "n": "\r\n\t\t\t002"}, {"d": ["2", "14", "40", "9", "45", "24"], "s": "3", "t": "2008/01/08", "n": "\r\n\t\t\t003"}, {"d": ["20", "36", "46", "4", "42", "47"], "s": "22", "t": "2008/01/10", "n": "\r\n\t\t\t004"}, {"d": ["8", "26", "13", "42", "22", "18"], "s": "43", "t": "2008/01/13", "n": "\r\n\t\t\t005"}, {"d": ["15", "37", "45", "10", "18", "11"], "s": "26", "t": "2008/01/15", "n": "\r\n\t\t\t006"}, {"d": ["36", "35", "24", "40", "8", "19"], "s": "23", "t": "2008/01/17", "n": "\r\n\t\t\t007"}, {"d": ["32", "4", "7", "20", "34", "8"], "s": "24", "t": "2008/01/19", "n": "\r\n\t\t\t008"}, {"d": ["9", "30", "16", "49", "33", "17"], "s": "41", "t": "2008/01/22", "n": "\r\n\t\t\t009"}, {"d": ["38", "23", "26", "46", "10", "42"], "s": "29", "t": "2008/01/24", "n": "\r\n\t\t\t010"}, {"d": ["19", "22", "33", "13", "15", "38"], "s": "39", "t": "2008/01/26", "n": "\r\n\t\t\t011"}, {"d": ["43", "33", "16", "24", "22", "44"], "s": "29", "t": "2008/01/29", "n": "\r\n\t\t\t012"}, {"d": ["49", "24", "41", "42", "32", "48"], "s": "10", "t": "2008/01/31", "n": "\r\n\t\t\t013"}, {"d": ["46", "36", "34", "1", "42", "37"], "s": "39", "t": "2008/02/03", "n": "\r\n\t\t\t014"}, {"d": ["6", "43", "36", "48", "40", "3"], "s": "8", "t": "2008/02/05", "n": "\r\n\t\t\t015"}, {"d": ["38", "30", "2", "16", "31", "48"], "s": "36", "t": "2008/02/08", "n": "\r\n\t\t\t016"}, {"d": ["26", "32", "39", "7", "30", "24"], "s": "47", "t": "2008/02/10", "n": "\r\n\t\t\t017"}, {"d": ["31", "23", "40", "45", "12", "37"], "s": "35", "t": "2008/02/12", "n": "\r\n\t\t\t018"}, {"d": ["4", "15", "39", "6", "29", "33"], "s": "18", "t": "2008/02/14", "n": "\r\n\t\t\t019"}, {"d": ["22", "5", "8", "29", "2", "41"], "s": "28", "t": "2008/02/16", "n": "\r\n\t\t\t020"}, {"d": ["15", "38", "29", "5", "32", "39"], "s": "31", "t": "2008/02/19", "n": "\r\n\t\t\t021"}, {"d": ["48", "27", "24", "22", "18", "30"], "s": "3", "t": "2008/02/21", "n": "\r\n\t\t\t022"}, {"d": ["14", "47", "9", "33", "24", "2"], "s": "48", "t": "2008/02/23", "n": "\r\n\t\t\t023"}, {"d": ["39", "34", "9", "23", "30", "20"], "s": "13", "t": "2008/02/26", "n": "\r\n\t\t\t024"}, {"d": ["6", "17", "13", "35", "49", "8"], "s": "45", "t": "2008/02/28", "n": "\r\n\t\t\t025"}, {"d": ["7", "22", "5", "35", "32", "30"], "s": "13", "t": "2008/03/02", "n": "\r\n\t\t\t026"}, {"d": ["49", "5", "2", "13", "21", "20"], "s": "36", "t": "2008/03/04", "n": "\r\n\t\t\t027"}, {"d": ["25", "7", "12", "24", "39", "44"], "s": "27", "t": "2008/03/06", "n": "\r\n\t\t\t028"}, {"d": ["31", "16", "38", "25", "49", "36"], "s": "29", "t": "2008/03/08", "n": "\r\n\t\t\t029"}, {"d": ["23", "13", "5", "28", "40", "15"], "s": "17", "t": "2008/03/11", "n": "\r\n\t\t\t030"}, {"d": ["36", "31", "44", "33", "28", "12"], "s": "7", "t": "2008/03/13", "n": "\r\n\t\t\t031"}, {"d": ["10", "21", "47", "22", "8", "30"], "s": "28", "t": "2008/03/15", "n": "\r\n\t\t\t032"}, {"d": ["37", "44", "13", "23", "28", "30"], "s": "49", "t": "2008/03/18", "n": "\r\n\t\t\t033"}, {"d": ["12", "26", "4", "33", "45", "22"], "s": "8", "t": "2008/03/20", "n": "\r\n\t\t\t034"}, {"d": ["49", "48", "18", "38", "13", "32"], "s": "40", "t": "2008/03/22", "n": "\r\n\t\t\t035"}, {"d": ["15", "35", "7", "25", "22", "14"], "s": "32", "t": "2008/03/25", "n": "\r\n\t\t\t036"}, {"d": ["16", "32", "3", "45", "4", "48"], "s": "23", "t": "2008/03/27", "n": "\r\n\t\t\t037"}, {"d": ["9", "39", "30", "6", "32", "48"], "s": "4", "t": "2008/03/29", "n": "\r\n\t\t\t038"}, {"d": ["49", "16", "44", "27", "15", "40"], "s": "31", "t": "2008/04/01", "n": "\r\n\t\t\t039"}, {"d": ["17", "28", "41", "36", "6", "1"], "s": "31", "t": "2008/04/03", "n": "\r\n\t\t\t040"}, {"d": ["21", "13", "11", "36", "39", "40"], "s": "43", "t": "2008/04/08", "n": "\r\n\t\t\t041"}, {"d": ["38", "34", "23", "9", "22", "1"], "s": "24", "t": "2008/04/13", "n": "\r\n\t\t\t042"}, {"d": ["25", "38", "48", "31", "8", "43"], "s": "23", "t": "2008/04/15", "n": "\r\n\t\t\t043"}, {"d": ["10", "31", "7", "48", "11", "27"], "s": "5", "t": "2008/04/17", "n": "\r\n\t\t\t044"}, {"d": ["16", "10", "42", "19", "46", "7"], "s": "20", "t": "2008/04/19", "n": "\r\n\t\t\t045"}, {"d": ["14", "8", "36", "40", "46", "31"], "s": "9", "t": "2008/04/22", "n": "\r\n\t\t\t046"}, {"d": ["35", "12", "31", "25", "8", "13"], "s": "21", "t": "2008/04/24", "n": "\r\n\t\t\t047"}, {"d": ["19", "17", "13", "15", "24", "24"], "s": "9", "t": "2008/04/26", "n": "\r\n\t\t\t048"}, {"d": ["25", "41", "22", "24", "40", "20"], "s": "35", "t": "2008/04/29", "n": "\r\n\t\t\t049"}, {"d": ["39", "37", "3", "5", "1", "4"], "s": "8", "t": "2008/05/03", "n": "\r\n\t\t\t050"}, {"d": ["26", "28", "13", "8", "49", "7"], "s": "17", "t": "2008/05/06", "n": "\r\n\t\t\t051"}, {"d": ["16", "49", "35", "31", "37", "24"], "s": "39", "t": "2008/05/08", "n": "\r\n\t\t\t052"}, {"d": ["49", "6", "5", "41", "27", "47"], "s": "40", "t": "2008/05/10", "n": "\r\n\t\t\t053"}, {"d": ["8", "34", "40", "37", "19", "26"], "s": "29", "t": "2008/05/13", "n": "\r\n\t\t\t054"}, {"d": ["47", "45", "38", "22", "7", "21"], "s": "40", "t": "2008/05/15", "n": "\r\n\t\t\t055"}, {"d": ["18", "24", "45", "46", "48", "3"], "s": "31", "t": "2008/05/17", "n": "\r\n\t\t\t056"}, {"d": ["6", "25", "1", "4", "47", "23"], "s": "49", "t": "2008/05/20", "n": "\r\n\t\t\t057"}, {"d": ["29", "23", "34", "19", "41", "1"], "s": "15", "t": "2008/05/22", "n": "\r\n\t\t\t058"}, {"d": ["12", "5", "31", "1", "19", "14"], "s": "45", "t": "2008/05/24", "n": "\r\n\t\t\t059"}, {"d": ["29", "24", "28", "22", "23", "43"], "s": "6", "t": "2008/05/27", "n": "\r\n\t\t\t060"}, {"d": ["39", "1", "44", "49", "27", "6"], "s": "36", "t": "2008/05/29", "n": "\r\n\t\t\t061"}, {"d": ["42", "36", "26", "11", "31", "34"], "s": "13", "t": "2008/05/31", "n": "\r\n\t\t\t062"}, {"d": ["41", "40", "33", "5", "32", "49"], "s": "30", "t": "2008/06/03", "n": "\r\n\t\t\t063"}, {"d": ["14", "6", "39", "45", "11", "23"], "s": "10", "t": "2008/06/07", "n": "\r\n\t\t\t064"}, {"d": ["11", "7", "2", "20", "29", "45"], "s": "48", "t": "2008/06/10", "n": "\r\n\t\t\t065"}, {"d": ["37", "6", "22", "9", "4", "15"], "s": "3", "t": "2008/06/12", "n": "\r\n\t\t\t066"}, {"d": ["3", "44", "41", "19", "15", "40"], "s": "13", "t": "2008/06/14", "n": "\r\n\t\t\t067"}, {"d": ["13", "32", "3", "5", "6", "31"], "s": "15", "t": "2008/06/17", "n": "\r\n\t\t\t068"}, {"d": ["2", "18", "11", "45", "39", "26"], "s": "24", "t": "2008/06/19", "n": "\r\n\t\t\t069"}, {"d": ["34", "29", "13", "5", "44", "1"], "s": "25", "t": "2008/06/21", "n": "\r\n\t\t\t070"}, {"d": ["9", "29", "22", "27", "42", "8"], "s": "38", "t": "2008/06/24", "n": "\r\n\t\t\t071"}, {"d": ["48", "40", "33", "46", "39", "8"], "s": "24", "t": "2008/06/27", "n": "\r\n\t\t\t072"}, {"d": ["28", "7", "1", "19", "34", "2"], "s": "5", "t": "2008/06/29", "n": "\r\n\t\t\t073"}, {"d": ["48", "31", "21", "3", "26", "29"], "s": "1", "t": "2008/07/02", "n": "\r\n\t\t\t074"}, {"d": ["15", "7", "38", "20", "2", "6"], "s": "14", "t": "2008/07/05", "n": "\r\n\t\t\t075"}, {"d": ["21", "19", "15", "24", "18", "26"], "s": "36", "t": "2008/07/08", "n": "\r\n\t\t\t076"}, {"d": ["17", "41", "44", "18", "5", "12"], "s": "32", "t": "2008/07/10", "n": "\r\n\t\t\t077"}, {"d": ["38", "27", "21", "5", "25", "40"], "s": "11", "t": "2008/07/12", "n": "\r\n\t\t\t078"}, {"d": ["17", "47", "24", "38", "9", "19"], "s": "3", "t": "2008/07/15", "n": "\r\n\t\t\t079"}, {"d": ["18", "38", "25", "47", "27", "15"], "s": "2", "t": "2008/07/17", "n": "\r\n\t\t\t080"}, {"d": ["46", "18", "35", "1", "24", "29"], "s": "2", "t": "2008/07/19", "n": "\r\n\t\t\t081"}, {"d": ["45", "40", "29", "33", "43", "10"], "s": "8", "t": "2008/07/22", "n": "\r\n\t\t\t082"}, {"d": ["38", "29", "45", "31", "15", "5"], "s": "48", "t": "2008/07/24", "n": "\r\n\t\t\t083"}, {"d": ["9", "41", "48", "13", "10", "12"], "s": "6", "t": "2008/07/26", "n": "\r\n\t\t\t084"}, {"d": ["7", "34", "35", "15", "25", "38"], "s": "6", "t": "2008/07/29", "n": "\r\n\t\t\t085"}, {"d": ["25", "33", "1", "34", "41", "8"], "s": "28", "t": "2008/07/31", "n": "\r\n\t\t\t086"}, {"d": ["8", "33", "11", "6", "35", "4"], "s": "25", "t": "2008/08/02", "n": "\r\n\t\t\t087"}, {"d": ["11", "49", "16", "6", "38", "42"], "s": "40", "t": "2008/08/05", "n": "\r\n\t\t\t088"}, {"d": ["30", "47", "23", "3", "24", "17"], "s": "26", "t": "2008/08/07", "n": "\r\n\t\t\t089"}, {"d": ["21", "19", "15", "8", "42", "32"], "s": "10", "t": "2008/08/09", "n": "\r\n\t\t\t090"}, {"d": ["28", "26", "11", "31", "10", "15"], "s": "43", "t": "2008/08/12", "n": "\r\n\t\t\t091"}, {"d": ["46", "27", "23", "41", "16", "20"], "s": "6", "t": "2008/08/14", "n": "\r\n\t\t\t092"}, {"d": ["38", "25", "14", "43", "46", "32"], "s": "35", "t": "2008/08/16", "n": "\r\n\t\t\t093"}, {"d": ["32", "7", "19", "39", "24", "26"], "s": "20", "t": "2008/08/19", "n": "\r\n\t\t\t094"}, {"d": ["1", "20", "21", "3", "37", "35"], "s": "46", "t": "2008/08/21", "n": "\r\n\t\t\t095"}, {"d": ["20", "9", "10", "3", "34", "25"], "s": "41", "t": "2008/08/23", "n": "\r\n\t\t\t096"}, {"d": ["25", "2", "43", "13", "19", "30"], "s": "44", "t": "2008/08/26", "n": "\r\n\t\t\t097"}, {"d": ["38", "21", "34", "1", "27", "31"], "s": "10", "t": "2008/08/28", "n": "\r\n\t\t\t098"}, {"d": ["2", "49", "37", "10", "8", "44"], "s": "22", "t": "2008/08/30", "n": "\r\n\t\t\t099"}, {"d": ["13", "9", "22", "16", "31", "24"], "s": "18", "t": "2008/09/02", "n": "100"}, {"d": ["22", "7", "17", "42", "26", "31"], "s": "12", "t": "2008/09/04", "n": "101"}, {"d": ["38", "23", "18", "22", "10", "4"], "s": "35", "t": "2008/09/06", "n": "102"}, {"d": ["7", "48", "15", "23", "29", "3"], "s": "5", "t": "2008/09/09", "n": "103"}, {"d": ["12", "8", "25", "20", "49", "2"], "s": "34", "t": "2008/09/11", "n": "104"}, {"d": ["46", "34", "16", "8", "9", "2"], "s": "42", "t": "2008/09/13", "n": "105"}, {"d": ["40", "4", "14", "9", "36", "25"], "s": "45", "t": "2008/09/16", "n": "106"}, {"d": ["2", "34", "17", "46", "49", "38"], "s": "33", "t": "2008/09/18", "n": "107"}, {"d": ["5", "49", "28", "4", "27", "10"], "s": "46", "t": "2008/09/20", "n": "108"}, {"d": ["1", "29", "16", "46", "4", "15"], "s": "30", "t": "2008/09/25", "n": "109"}, {"d": ["39", "33", "36", "17", "7", "44"], "s": "31", "t": "2008/09/27", "n": "110"}, {"d": ["26", "11", "47", "27", "40", "39"], "s": "34", "t": "2008/09/30", "n": "111"}, {"d": ["42", "32", "17", "29", "20", "13"], "s": "15", "t": "2008/10/02", "n": "112"}, {"d": ["14", "22", "19", "4", "16", "35"], "s": "9", "t": "2008/10/04", "n": "113"}, {"d": ["34", "46", "4", "49", "26", "10"], "s": "5", "t": "2008/10/07", "n": "114"}, {"d": ["1", "27", "38", "19", "2", "12"], "s": "41", "t": "2008/10/09", "n": "115"}, {"d": ["46", "37", "35", "11", "38", "8"], "s": "27", "t": "2008/10/11", "n": "116"}, {"d": ["11", "19", "14", "44", "21", "41"], "s": "31", "t": "2008/10/14", "n": "117"}, {"d": ["31", "44", "21", "6", "40", "42"], "s": "7", "t": "2008/10/16", "n": "118"}, {"d": ["7", "9", "3", "6", "32", "35"], "s": "24", "t": "2008/10/18", "n": "119"}, {"d": ["37", "8", "1", "9", "35", "32"], "s": "14", "t": "2008/10/21", "n": "120"}, {"d": ["46", "5", "21", "19", "27", "9"], "s": "37", "t": "2008/10/23", "n": "121"}, {"d": ["22", "13", "18", "30", "3", "20"], "s": "39", "t": "2008/10/25", "n": "122"}, {"d": ["13", "3", "26", "10", "11", "48"], "s": "9", "t": "2008/10/28", "n": "123"}, {"d": ["13", "33", "40", "5", "23", "37"], "s": "39", "t": "2008/10/30", "n": "124"}, {"d": ["32", "19", "23", "44", "17", "11"], "s": "25", "t": "2008/11/01", "n": "125"}, {"d": ["25", "8", "1", "38", "20", "43"], "s": "39", "t": "2008/11/03", "n": "126"}, {"d": ["43", "35", "5", "42", "6", "28"], "s": "4", "t": "2008/11/06", "n": "127"}, {"d": ["24", "1", "15", "48", "4", "6"], "s": "43", "t": "2008/11/09", "n": "128"}, {"d": ["19", "32", "27", "17", "20", "35"], "s": "11", "t": "2008/11/11", "n": "129"}, {"d": ["33", "9", "34", "10", "43", "20"], "s": "42", "t": "2008/11/13", "n": "130"}, {"d": ["32", "2", "8", "5", "24", "37"], "s": "35", "t": "2008/11/15", "n": "131"}, {"d": ["28", "18", "32", "29", "5", "11"], "s": "10", "t": "2008/11/18", "n": "132"}, {"d": ["41", "13", "40", "31", "4", "36"], "s": "49", "t": "2008/11/20", "n": "133"}, {"d": ["28", "1", "4", "24", "17", "3"], "s": "7", "t": "2008/11/22", "n": "134"}, {"d": ["38", "3", "48", "46", "18", "9"], "s": "13", "t": "2008/11/25", "n": "135"}, {"d": ["6", "36", "46", "14", "21", "4"], "s": "41", "t": "2008/11/27", "n": "136"}, {"d": ["6", "27", "37", "33", "36", "5"], "s": "48", "t": "2008/11/29", "n": "137"}, {"d": ["43", "30", "31", "29", "3", "13"], "s": "8", "t": "2008/12/02", "n": "138"}, {"d": ["35", "47", "10", "8", "37", "28"], "s": "12", "t": "2008/12/04", "n": "139"}, {"d": ["26", "28", "17", "9", "30", "4"], "s": "1", "t": "2008/12/07", "n": "140"}, {"d": ["21", "44", "14", "47", "7", "43"], "s": "35", "t": "2008/12/09", "n": "141"}, {"d": ["47", "1", "48", "11", "41", "10"], "s": "20", "t": "2008/12/11", "n": "142"}, {"d": ["40", "1", "27", "7", "36", "48"], "s": "13", "t": "2008/12/13", "n": "143"}, {"d": ["32", "44", "36", "38", "29", "21"], "s": "43", "t": "2008/12/16", "n": "144"}, {"d": ["40", "22", "31", "27", "46", "2"], "s": "13", "t": "2008/12/18", "n": "145"}, {"d": ["6", "20", "34", "26", "40", "13"], "s": "10", "t": "2008/12/21", "n": "146"}, {"d": ["29", "33", "48", "24", "26", "22"], "s": "46", "t": "2008/12/23", "n": "147"}, {"d": ["2", "21", "24", "34", "17", "19"], "s": "18", "t": "2008/12/27", "n": "148"}, {"d": ["4", "29", "40", "18", "47", "8"], "s": "9", "t": "2008/12/30", "n": "149"}], "year": 2008}