{"data": [{"d": ["16", "30", "21", "2", "10", "22"], "s": "26", "t": "2009/01/03", "n": "\r\n\t\t\t001"}, {"d": ["23", "42", "45", "30", "9", "14"], "s": "19", "t": "2009/01/06", "n": "\r\n\t\t\t002"}, {"d": ["22", "46", "19", "33", "18", "42"], "s": "7", "t": "2009/01/08", "n": "\r\n\t\t\t003"}, {"d": ["7", "16", "3", "47", "19", "44"], "s": "31", "t": "2009/01/11", "n": "\r\n\t\t\t004"}, {"d": ["36", "41", "15", "12", "49", "40"], "s": "42", "t": "2009/01/13", "n": "\r\n\t\t\t005"}, {"d": ["6", "9", "32", "24", "10", "12"], "s": "30", "t": "2009/01/15", "n": "\r\n\t\t\t006"}, {"d": ["1", "47", "28", "29", "16", "15"], "s": "37", "t": "2009/01/17", "n": "\r\n\t\t\t007"}, {"d": ["34", "42", "22", "13", "5", "29"], "s": "37", "t": "2009/01/20", "n": "\r\n\t\t\t008"}, {"d": ["37", "44", "47", "5", "17", "38"], "s": "12", "t": "2009/01/23", "n": "\r\n\t\t\t009"}, {"d": ["44", "40", "47", "4", "12", "19"], "s": "49", "t": "2009/01/25", "n": "\r\n\t\t\t010"}, {"d": ["42", "13", "7", "21", "17", "35"], "s": "36", "t": "2009/01/27", "n": "\r\n\t\t\t011"}, {"d": ["36", "9", "25", "8", "17", "6"], "s": "4", "t": "2009/01/29", "n": "\r\n\t\t\t012"}, {"d": ["9", "14", "24", "10", "4", "29"], "s": "38", "t": "2009/01/31", "n": "\r\n\t\t\t013"}, {"d": ["26", "12", "46", "8", "44", "31"], "s": "42", "t": "2009/02/03", "n": "\r\n\t\t\t014"}, {"d": ["3", "47", "36", "46", "25", "23"], "s": "20", "t": "2009/02/05", "n": "\r\n\t\t\t015"}, {"d": ["42", "44", "9", "48", "12", "45"], "s": "35", "t": "2009/02/07", "n": "\r\n\t\t\t016"}, {"d": ["4", "14", "24", "21", "48", "6"], "s": "8", "t": "2009/02/10", "n": "\r\n\t\t\t017"}, {"d": ["32", "42", "10", "22", "14", "28"], "s": "36", "t": "2009/02/12", "n": "\r\n\t\t\t018"}, {"d": ["12", "37", "39", "31", "17", "46"], "s": "8", "t": "2009/02/14", "n": "\r\n\t\t\t019"}, {"d": ["39", "12", "26", "8", "15", "44"], "s": "6", "t": "2009/02/17", "n": "\r\n\t\t\t020"}, {"d": ["36", "26", "9", "16", "6", "29"], "s": "8", "t": "2009/02/19", "n": "\r\n\t\t\t021"}, {"d": ["15", "21", "14", "8", "20", "7"], "s": "44", "t": "2009/02/21", "n": "\r\n\t\t\t022"}, {"d": ["47", "38", "32", "9", "37", "1"], "s": "25", "t": "2009/02/24", "n": "\r\n\t\t\t023"}, {"d": ["15", "24", "14", "23", "19", "25"], "s": "2", "t": "2009/02/26", "n": "\r\n\t\t\t024"}, {"d": ["24", "22", "34", "15", "5", "46"], "s": "26", "t": "2009/02/28", "n": "\r\n\t\t\t025"}, {"d": ["22", "37", "25", "49", "30", "38"], "s": "15", "t": "2009/03/03", "n": "\r\n\t\t\t026"}, {"d": ["7", "33", "17", "2", "47", "20"], "s": "45", "t": "2009/03/05", "n": "\r\n\t\t\t027"}, {"d": ["11", "40", "4", "3", "28", "37"], "s": "36", "t": "2009/03/08", "n": "\r\n\t\t\t028"}, {"d": ["48", "21", "39", "27", "33", "32"], "s": "9", "t": "2009/03/10", "n": "\r\n\t\t\t029"}, {"d": ["32", "16", "30", "15", "2", "12"], "s": "5", "t": "2009/03/12", "n": "\r\n\t\t\t030"}, {"d": ["43", "10", "16", "19", "42", "33"], "s": "12", "t": "2009/03/14", "n": "\r\n\t\t\t031"}, {"d": ["37", "14", "11", "21", "17", "12"], "s": "10", "t": "2009/03/17", "n": "\r\n\t\t\t032"}, {"d": ["32", "14", "21", "18", "6", "46"], "s": "43", "t": "2009/03/19", "n": "\r\n\t\t\t033"}, {"d": ["27", "32", "23", "13", "43", "34"], "s": "22", "t": "2009/03/21", "n": "\r\n\t\t\t034"}, {"d": ["12", "16", "4", "38", "46", "15"], "s": "21", "t": "2009/03/24", "n": "\r\n\t\t\t035"}, {"d": ["42", "36", "5", "38", "14", "34"], "s": "19", "t": "2009/03/26", "n": "\r\n\t\t\t036"}, {"d": ["42", "24", "40", "32", "43", "36"], "s": "47", "t": "2009/03/29", "n": "\r\n\t\t\t037"}, {"d": ["29", "1", "7", "15", "23", "35"], "s": "14", "t": "2009/03/31", "n": "\r\n\t\t\t038"}, {"d": ["33", "39", "7", "13", "20", "45"], "s": "30", "t": "2009/04/02", "n": "\r\n\t\t\t039"}, {"d": ["2", "18", "46", "17", "10", "6"], "s": "34", "t": "2009/04/04", "n": "\r\n\t\t\t040"}, {"d": ["45", "4", "21", "29", "41", "22"], "s": "14", "t": "2009/04/07", "n": "\r\n\t\t\t041"}, {"d": ["44", "7", "29", "9", "49", "22"], "s": "1", "t": "2009/04/09", "n": "\r\n\t\t\t042"}, {"d": ["38", "47", "16", "45", "3", "25"], "s": "35", "t": "2009/04/11", "n": "\r\n\t\t\t043"}, {"d": ["27", "2", "42", "22", "41", "7"], "s": "5", "t": "2009/04/14", "n": "\r\n\t\t\t044"}, {"d": ["19", "12", "11", "1", "30", "28"], "s": "49", "t": "2009/04/16", "n": "\r\n\t\t\t045"}, {"d": ["33", "14", "29", "10", "48", "22"], "s": "5", "t": "2009/04/18", "n": "\r\n\t\t\t046"}, {"d": ["31", "4", "43", "41", "18", "42"], "s": "24", "t": "2009/04/21", "n": "\r\n\t\t\t047"}, {"d": ["45", "34", "46", "20", "42", "15"], "s": "23", "t": "2009/04/23", "n": "\r\n\t\t\t048"}, {"d": ["34", "17", "46", "38", "4", "49"], "s": "7", "t": "2009/04/25", "n": "\r\n\t\t\t049"}, {"d": ["41", "7", "20", "36", "3", "34"], "s": "39", "t": "2009/04/28", "n": "\r\n\t\t\t050"}, {"d": ["8", "21", "30", "49", "38", "11"], "s": "35", "t": "2009/04/30", "n": "\r\n\t\t\t051"}, {"d": ["6", "29", "18", "1", "39", "48"], "s": "10", "t": "2009/05/02", "n": "\r\n\t\t\t052"}, {"d": ["31", "30", "45", "41", "5", "29"], "s": "47", "t": "2009/05/05", "n": "\r\n\t\t\t053"}, {"d": ["7", "3", "9", "16", "34", "2"], "s": "14", "t": "2009/05/07", "n": "\r\n\t\t\t054"}, {"d": ["48", "11", "21", "41", "28", "14"], "s": "32", "t": "2009/05/10", "n": "\r\n\t\t\t055"}, {"d": ["29", "9", "38", "25", "36", "41"], "s": "23", "t": "2009/05/12", "n": "\r\n\t\t\t056"}, {"d": ["49", "43", "46", "23", "6", "31"], "s": "40", "t": "2009/05/14", "n": "\r\n\t\t\t057"}, {"d": ["3", "7", "20", "18", "27", "11"], "s": "2", "t": "2009/05/16", "n": "\r\n\t\t\t058"}, {"d": ["45", "36", "28", "38", "40", "33"], "s": "4", "t": "2009/05/19", "n": "\r\n\t\t\t059"}, {"d": ["21", "32", "46", "8", "1", "37"], "s": "22", "t": "2009/05/23", "n": "\r\n\t\t\t060"}, {"d": ["25", "11", "14", "27", "47", "19"], "s": "20", "t": "2009/05/26", "n": "\r\n\t\t\t061"}, {"d": ["49", "2", "28", "46", "12", "20"], "s": "31", "t": "2009/05/28", "n": "\r\n\t\t\t062"}, {"d": ["14", "27", "9", "12", "36", "20"], "s": "11", "t": "2009/05/30", "n": "\r\n\t\t\t063"}, {"d": ["47", "29", "26", "5", "7", "18"], "s": "2", "t": "2009/06/02", "n": "\r\n\t\t\t064"}, {"d": ["4", "43", "9", "24", "22", "19"], "s": "1", "t": "2009/06/04", "n": "\r\n\t\t\t065"}, {"d": ["1", "23", "5", "8", "48", "22"], "s": "3", "t": "2009/06/06", "n": "\r\n\t\t\t066"}, {"d": ["46", "13", "16", "7", "35", "42"], "s": "25", "t": "2009/06/09", "n": "\r\n\t\t\t067"}, {"d": ["8", "11", "33", "43", "20", "15"], "s": "34", "t": "2009/06/11", "n": "\r\n\t\t\t068"}, {"d": ["42", "39", "12", "43", "13", "25"], "s": "38", "t": "2009/06/14", "n": "\r\n\t\t\t069"}, {"d": ["37", "41", "16", "30", "27", "25"], "s": "36", "t": "2009/06/16", "n": "\r\n\t\t\t070"}, {"d": ["26", "2", "19", "17", "22", "11"], "s": "13", "t": "2009/06/18", "n": "\r\n\t\t\t071"}, {"d": ["7", "11", "24", "32", "49", "35"], "s": "46", "t": "2009/06/20", "n": "\r\n\t\t\t072"}, {"d": ["34", "1", "19", "39", "48", "43"], "s": "45", "t": "2009/06/23", "n": "\r\n\t\t\t073"}, {"d": ["36", "45", "30", "26", "19", "12"], "s": "20", "t": "2009/06/25", "n": "\r\n\t\t\t074"}, {"d": ["16", "26", "18", "21", "48", "30"], "s": "45", "t": "2009/06/27", "n": "\r\n\t\t\t075"}, {"d": ["17", "5", "11", "15", "46", "25"], "s": "24", "t": "2009/06/30", "n": "\r\n\t\t\t076"}, {"d": ["22", "24", "40", "19", "6", "29"], "s": "4", "t": "2009/07/02", "n": "\r\n\t\t\t077"}, {"d": ["20", "2", "19", "49", "14", "17"], "s": "26", "t": "2009/07/04", "n": "\r\n\t\t\t078"}, {"d": ["47", "38", "41", "6", "30", "27"], "s": "20", "t": "2009/07/07", "n": "\r\n\t\t\t079"}, {"d": ["24", "30", "46", "31", "26", "4"], "s": "2", "t": "2009/07/09", "n": "\r\n\t\t\t080"}, {"d": ["2", "9", "21", "47", "18", "32"], "s": "26", "t": "2009/07/11", "n": "\r\n\t\t\t081"}, {"d": ["2", "39", "10", "46", "47", "19"], "s": "41", "t": "2009/07/14", "n": "\r\n\t\t\t082"}, {"d": ["14", "45", "3", "17", "29", "5"], "s": "31", "t": "2009/07/16", "n": "\r\n\t\t\t083"}, {"d": ["39", "38", "29", "24", "41", "28"], "s": "19", "t": "2009/07/18", "n": "\r\n\t\t\t084"}, {"d": ["13", "15", "4", "6", "1", "48"], "s": "39", "t": "2009/07/21", "n": "\r\n\t\t\t085"}, {"d": ["11", "3", "1", "47", "15", "39"], "s": "44", "t": "2009/07/23", "n": "\r\n\t\t\t086"}, {"d": ["23", "22", "4", "31", "47", "36"], "s": "20", "t": "2009/07/25", "n": "\r\n\t\t\t087"}, {"d": ["49", "4", "28", "46", "11", "20"], "s": "31", "t": "2009/07/28", "n": "\r\n\t\t\t088"}, {"d": ["18", "12", "4", "40", "11", "21"], "s": "44", "t": "2009/07/30", "n": "\r\n\t\t\t089"}, {"d": ["8", "45", "48", "47", "1", "20"], "s": "11", "t": "2009/08/01", "n": "\r\n\t\t\t090"}, {"d": ["32", "9", "36", "34", "37", "27"], "s": "20", "t": "2009/08/04", "n": "\r\n\t\t\t091"}, {"d": ["48", "39", "38", "18", "47", "28"], "s": "24", "t": "2009/08/06", "n": "\r\n\t\t\t092"}, {"d": ["8", "5", "30", "10", "11", "23"], "s": "42", "t": "2009/08/08", "n": "\r\n\t\t\t093"}, {"d": ["24", "15", "31", "39", "23", "1"], "s": "33", "t": "2009/08/11", "n": "\r\n\t\t\t094"}, {"d": ["27", "18", "29", "37", "3", "6"], "s": "4", "t": "2009/08/13", "n": "\r\n\t\t\t095"}, {"d": ["24", "34", "6", "23", "16", "20"], "s": "42", "t": "2009/08/15", "n": "\r\n\t\t\t096"}, {"d": ["33", "3", "20", "18", "15", "1"], "s": "48", "t": "2009/08/18", "n": "\r\n\t\t\t097"}, {"d": ["26", "12", "22", "27", "29", "15"], "s": "37", "t": "2009/08/20", "n": "\r\n\t\t\t098"}, {"d": ["48", "4", "12", "29", "3", "32"], "s": "16", "t": "2009/08/22", "n": "\r\n\t\t\t099"}, {"d": ["15", "11", "32", "12", "24", "5"], "s": "39", "t": "2009/08/25", "n": "100"}, {"d": ["24", "5", "42", "8", "17", "30"], "s": "34", "t": "2009/08/27", "n": "101"}, {"d": ["35", "33", "4", "18", "26", "17"], "s": "40", "t": "2009/08/29", "n": "102"}, {"d": ["22", "17", "19", "40", "27", "46"], "s": "4", "t": "2009/09/01", "n": "103"}, {"d": ["14", "9", "49", "6", "47", "17"], "s": "38", "t": "2009/09/04", "n": "104"}, {"d": ["9", "24", "41", "48", "35", "40"], "s": "31", "t": "2009/09/06", "n": "105"}, {"d": ["21", "13", "11", "20", "28", "16"], "s": "15", "t": "2009/09/08", "n": "106"}, {"d": ["29", "31", "35", "33", "7", "32"], "s": "48", "t": "2009/09/10", "n": "107"}, {"d": ["35", "3", "43", "1", "14", "17"], "s": "47", "t": "2009/09/12", "n": "108"}, {"d": ["35", "11", "49", "14", "17", "16"], "s": "34", "t": "2009/09/15", "n": "109"}, {"d": ["30", "28", "24", "21", "48", "19"], "s": "26", "t": "2009/09/17", "n": "110"}, {"d": ["41", "23", "28", "39", "37", "20"], "s": "26", "t": "2009/09/19", "n": "111"}, {"d": ["9", "5", "18", "1", "24", "32"], "s": "38", "t": "2009/09/22", "n": "112"}, {"d": ["34", "9", "36", "19", "22", "26"], "s": "24", "t": "2009/09/24", "n": "113"}, {"d": ["3", "1", "41", "30", "47", "9"], "s": "19", "t": "2009/09/27", "n": "114"}, {"d": ["33", "15", "48", "1", "40", "5"], "s": "21", "t": "2009/09/29", "n": "115"}, {"d": ["16", "39", "4", "6", "22", "11"], "s": "10", "t": "2009/10/03", "n": "116"}, {"d": ["36", "12", "15", "24", "49", "17"], "s": "14", "t": "2009/10/06", "n": "117"}, {"d": ["35", "39", "21", "31", "33", "44"], "s": "28", "t": "2009/10/08", "n": "118"}, {"d": ["19", "16", "12", "49", "2", "20"], "s": "4", "t": "2009/10/10", "n": "119"}, {"d": ["36", "18", "43", "15", "13", "45"], "s": "7", "t": "2009/10/13", "n": "120"}, {"d": ["15", "17", "22", "37", "47", "39"], "s": "26", "t": "2009/10/15", "n": "121"}, {"d": ["42", "32", "4", "20", "2", "15"], "s": "48", "t": "2009/10/18", "n": "122"}, {"d": ["34", "8", "46", "39", "26", "36"], "s": "35", "t": "2009/10/20", "n": "123"}, {"d": ["40", "1", "47", "2", "29", "24"], "s": "7", "t": "2009/10/22", "n": "124"}, {"d": ["25", "34", "26", "41", "45", "22"], "s": "15", "t": "2009/10/24", "n": "125"}, {"d": ["41", "35", "16", "13", "31", "42"], "s": "36", "t": "2009/10/27", "n": "126"}, {"d": ["44", "15", "14", "16", "18", "13"], "s": "48", "t": "2009/10/29", "n": "127"}, {"d": ["30", "27", "29", "25", "11", "44"], "s": "23", "t": "2009/10/31", "n": "128"}, {"d": ["33", "19", "43", "42", "45", "3"], "s": "44", "t": "2009/11/03", "n": "129"}, {"d": ["42", "3", "13", "40", "31", "9"], "s": "30", "t": "2009/11/05", "n": "130"}, {"d": ["38", "17", "35", "27", "32", "2"], "s": "41", "t": "2009/11/08", "n": "131"}, {"d": ["24", "8", "2", "22", "35", "18"], "s": "17", "t": "2009/11/10", "n": "132"}, {"d": ["10", "9", "6", "20", "1", "46"], "s": "14", "t": "2009/11/12", "n": "133"}, {"d": ["42", "26", "28", "6", "15", "3"], "s": "21", "t": "2009/11/14", "n": "134"}, {"d": ["42", "9", "2", "43", "4", "28"], "s": "45", "t": "2009/11/17", "n": "135"}, {"d": ["11", "19", "41", "35", "45", "13"], "s": "24", "t": "2009/11/19", "n": "136"}, {"d": ["2", "38", "23", "28", "45", "8"], "s": "21", "t": "2009/11/21", "n": "137"}, {"d": ["24", "7", "45", "21", "33", "35"], "s": "26", "t": "2009/11/24", "n": "138"}, {"d": ["17", "42", "3", "1", "9", "18"], "s": "7", "t": "2009/11/26", "n": "139"}, {"d": ["25", "38", "1", "5", "32", "39"], "s": "4", "t": "2009/11/28", "n": "140"}, {"d": ["5", "44", "10", "4", "17", "39"], "s": "24", "t": "2009/12/01", "n": "141"}, {"d": ["20", "15", "10", "46", "21", "34"], "s": "4", "t": "2009/12/03", "n": "142"}, {"d": ["14", "1", "38", "17", "35", "23"], "s": "31", "t": "2009/12/05", "n": "143"}, {"d": ["35", "31", "12", "29", "6", "23"], "s": "21", "t": "2009/12/08", "n": "144"}, {"d": ["4", "15", "16", "49", "34", "8"], "s": "45", "t": "2009/12/10", "n": "145"}, {"d": ["40", "46", "37", "8", "9", "49"], "s": "41", "t": "2009/12/12", "n": "146"}, {"d": ["10", "40", "27", "28", "47", "46"], "s": "18", "t": "2009/12/15", "n": "147"}, {"d": ["43", "4", "30", "49", "37", "2"], "s": "10", "t": "2009/12/17", "n": "148"}, {"d": ["4", "45", "24", "32", "2", "28"], "s": "38", "t": "2009/12/20", "n": "149"}, {"d": ["33", "6", "44", "23", "30", "43"], "s": "10", "t": "2009/12/22", "n": "150"}, {"d": ["20", "22", "27", "26", "44", "31"], "s": "49", "t": "2009/12/24", "n": "151"}, {"d": ["42", "27", "21", "17", "36", "6"], "s": "23", "t": "2009/12/26", "n": "152"}, {"d": ["33", "39", "9", "38", "27", "40"], "s": "14", "t": "2009/12/29", "n": "153"}, {"d": ["33", "26", "28", "41", "31", "40"], "s": "19", "t": "2009/12/31", "n": "154"}], "year": 2009}