{"data": [{"d": ["11", "13", "22", "16", "21", "18"], "s": "6", "t": "2010/01/02", "n": "\r\n\t\t\t001"}, {"d": ["22", "28", "16", "5", "14", "26"], "s": "27", "t": "2010/01/05", "n": "\r\n\t\t\t002"}, {"d": ["5", "14", "45", "48", "16", "25"], "s": "42", "t": "2010/01/07", "n": "\r\n\t\t\t003"}, {"d": ["45", "8", "16", "40", "4", "39"], "s": "10", "t": "2010/01/09", "n": "\r\n\t\t\t004"}, {"d": ["29", "9", "30", "23", "25", "48"], "s": "1", "t": "2010/01/12", "n": "\r\n\t\t\t005"}, {"d": ["26", "48", "38", "27", "21", "35"], "s": "41", "t": "2010/01/14", "n": "\r\n\t\t\t006"}, {"d": ["5", "18", "19", "28", "35", "45"], "s": "27", "t": "2010/01/17", "n": "\r\n\t\t\t007"}, {"d": ["9", "2", "3", "41", "24", "33"], "s": "40", "t": "2010/01/19", "n": "\r\n\t\t\t008"}, {"d": ["48", "7", "6", "24", "17", "41"], "s": "16", "t": "2010/01/21", "n": "\r\n\t\t\t009"}, {"d": ["46", "18", "19", "39", "26", "34"], "s": "2", "t": "2010/01/23", "n": "\r\n\t\t\t010"}, {"d": ["9", "8", "38", "17", "37", "31"], "s": "2", "t": "2010/01/26", "n": "\r\n\t\t\t011"}, {"d": ["3", "43", "46", "15", "32", "9"], "s": "28", "t": "2010/01/28", "n": "\r\n\t\t\t012"}, {"d": ["6", "32", "30", "34", "2", "4"], "s": "40", "t": "2010/01/30", "n": "\r\n\t\t\t013"}, {"d": ["10", "38", "1", "13", "14", "39"], "s": "41", "t": "2010/02/02", "n": "\r\n\t\t\t014"}, {"d": ["25", "9", "42", "47", "20", "36"], "s": "13", "t": "2010/02/04", "n": "\r\n\t\t\t015"}, {"d": ["41", "24", "16", "5", "1", "13"], "s": "14", "t": "2010/02/06", "n": "\r\n\t\t\t016"}, {"d": ["10", "14", "13", "49", "4", "8"], "s": "7", "t": "2010/02/09", "n": "\r\n\t\t\t017"}, {"d": ["36", "35", "24", "27", "21", "32"], "s": "16", "t": "2010/02/11", "n": "\r\n\t\t\t018"}, {"d": ["29", "27", "5", "26", "21", "28"], "s": "44", "t": "2010/02/13", "n": "\r\n\t\t\t019"}, {"d": ["20", "17", "1", "49", "7", "29"], "s": "19", "t": "2010/02/15", "n": "\r\n\t\t\t020"}, {"d": ["32", "11", "28", "7", "5", "4"], "s": "3", "t": "2010/02/18", "n": "\r\n\t\t\t021"}, {"d": ["4", "32", "3", "45", "11", "15"], "s": "1", "t": "2010/02/20", "n": "\r\n\t\t\t022"}, {"d": ["8", "19", "43", "44", "48", "49"], "s": "46", "t": "2010/02/23", "n": "\r\n\t\t\t023"}, {"d": ["47", "37", "11", "44", "20", "31"], "s": "46", "t": "2010/02/25", "n": "\r\n\t\t\t024"}, {"d": ["25", "17", "36", "22", "16", "18"], "s": "47", "t": "2010/02/27", "n": "\r\n\t\t\t025"}, {"d": ["6", "28", "10", "1", "21", "35"], "s": "46", "t": "2010/03/02", "n": "\r\n\t\t\t026"}, {"d": ["24", "11", "10", "33", "34", "38"], "s": "16", "t": "2010/03/04", "n": "\r\n\t\t\t027"}, {"d": ["28", "12", "46", "31", "3", "26"], "s": "16", "t": "2010/03/07", "n": "\r\n\t\t\t028"}, {"d": ["17", "28", "9", "45", "13", "14"], "s": "20", "t": "2010/03/09", "n": "\r\n\t\t\t029"}, {"d": ["14", "40", "10", "35", "48", "43"], "s": "21", "t": "2010/03/11", "n": "\r\n\t\t\t030"}, {"d": ["39", "22", "4", "1", "14", "18"], "s": "48", "t": "2010/03/13", "n": "\r\n\t\t\t031"}, {"d": ["16", "4", "37", "47", "28", "38"], "s": "30", "t": "2010/03/16", "n": "\r\n\t\t\t032"}, {"d": ["39", "19", "37", "4", "41", "30"], "s": "31", "t": "2010/03/18", "n": "\r\n\t\t\t033"}, {"d": ["45", "12", "39", "8", "29", "33"], "s": "36", "t": "2010/03/20", "n": "\r\n\t\t\t034"}, {"d": ["46", "11", "32", "7", "22", "27"], "s": "17", "t": "2010/03/23", "n": "\r\n\t\t\t035"}, {"d": ["16", "47", "29", "44", "14", "45"], "s": "42", "t": "2010/03/25", "n": "\r\n\t\t\t036"}, {"d": ["1", "44", "22", "36", "3", "8"], "s": "29", "t": "2010/03/27", "n": "\r\n\t\t\t037"}, {"d": ["29", "31", "40", "2", "48", "22"], "s": "20", "t": "2010/03/30", "n": "\r\n\t\t\t038"}, {"d": ["42", "20", "31", "43", "23", "21"], "s": "41", "t": "2010/04/01", "n": "\r\n\t\t\t039"}, {"d": ["43", "37", "40", "35", "11", "23"], "s": "30", "t": "2010/04/03", "n": "\r\n\t\t\t040"}, {"d": ["42", "35", "20", "25", "45", "11"], "s": "8", "t": "2010/04/06", "n": "\r\n\t\t\t041"}, {"d": ["3", "30", "33", "37", "25", "5"], "s": "35", "t": "2010/04/08", "n": "\r\n\t\t\t042"}, {"d": ["36", "38", "7", "41", "2", "20"], "s": "40", "t": "2010/04/11", "n": "\r\n\t\t\t043"}, {"d": ["32", "42", "46", "37", "33", "31"], "s": "17", "t": "2010/04/13", "n": "\r\n\t\t\t044"}, {"d": ["36", "21", "37", "35", "19", "30"], "s": "33", "t": "2010/04/15", "n": "\r\n\t\t\t045"}, {"d": ["38", "2", "49", "42", "1", "24"], "s": "19", "t": "2010/04/17", "n": "\r\n\t\t\t046"}, {"d": ["27", "6", "35", "17", "25", "40"], "s": "32", "t": "2010/04/20", "n": "\r\n\t\t\t047"}, {"d": ["29", "1", "39", "16", "23", "46"], "s": "17", "t": "2010/04/22", "n": "\r\n\t\t\t048"}, {"d": ["23", "12", "5", "39", "29", "16"], "s": "11", "t": "2010/04/24", "n": "\r\n\t\t\t049"}, {"d": ["3", "21", "33", "22", "18", "13"], "s": "8", "t": "2010/04/27", "n": "\r\n\t\t\t050"}, {"d": ["5", "24", "41", "7", "26", "49"], "s": "3", "t": "2010/04/29", "n": "\r\n\t\t\t051"}, {"d": ["26", "41", "28", "16", "44", "7"], "s": "24", "t": "2010/05/02", "n": "\r\n\t\t\t052"}, {"d": ["19", "41", "40", "34", "46", "24"], "s": "15", "t": "2010/05/04", "n": "\r\n\t\t\t053"}, {"d": ["37", "40", "31", "2", "39", "38"], "s": "44", "t": "2010/05/06", "n": "\r\n\t\t\t054"}, {"d": ["1", "27", "34", "8", "21", "5"], "s": "20", "t": "2010/05/09", "n": "\r\n\t\t\t055"}, {"d": ["40", "35", "34", "15", "29", "26"], "s": "9", "t": "2010/05/11", "n": "\r\n\t\t\t056"}, {"d": ["22", "49", "39", "37", "31", "16"], "s": "32", "t": "2010/05/13", "n": "\r\n\t\t\t057"}, {"d": ["44", "39", "32", "47", "29", "1"], "s": "17", "t": "2010/05/15", "n": "\r\n\t\t\t058"}, {"d": ["7", "48", "12", "20", "4", "39"], "s": "14", "t": "2010/05/18", "n": "\r\n\t\t\t059"}, {"d": ["22", "37", "11", "10", "4", "15"], "s": "49", "t": "2010/05/20", "n": "\r\n\t\t\t060"}, {"d": ["12", "26", "29", "18", "33", "17"], "s": "41", "t": "2010/05/22", "n": "\r\n\t\t\t061"}, {"d": ["14", "40", "43", "30", "18", "46"], "s": "27", "t": "2010/05/25", "n": "\r\n\t\t\t062"}, {"d": ["28", "49", "9", "22", "32", "33"], "s": "18", "t": "2010/05/27", "n": "\r\n\t\t\t063"}, {"d": ["16", "26", "4", "25", "33", "42"], "s": "30", "t": "2010/05/29", "n": "\r\n\t\t\t064"}, {"d": ["24", "11", "7", "46", "28", "13"], "s": "26", "t": "2010/06/01", "n": "\r\n\t\t\t065"}, {"d": ["42", "19", "44", "16", "26", "5"], "s": "6", "t": "2010/06/03", "n": "\r\n\t\t\t066"}, {"d": ["15", "37", "38", "40", "30", "9"], "s": "1", "t": "2010/06/05", "n": "\r\n\t\t\t067"}, {"d": ["8", "7", "23", "47", "21", "12"], "s": "10", "t": "2010/06/08", "n": "\r\n\t\t\t068"}, {"d": ["49", "26", "36", "8", "32", "35"], "s": "24", "t": "2010/06/10", "n": "\r\n\t\t\t069"}, {"d": ["21", "20", "2", "40", "19", "11"], "s": "43", "t": "2010/06/13", "n": "\r\n\t\t\t070"}, {"d": ["5", "21", "18", "49", "35", "10"], "s": "11", "t": "2010/06/15", "n": "\r\n\t\t\t071"}, {"d": ["45", "48", "11", "42", "15", "5"], "s": "14", "t": "2010/06/17", "n": "\r\n\t\t\t072"}, {"d": ["12", "8", "27", "13", "35", "2"], "s": "37", "t": "2010/06/19", "n": "\r\n\t\t\t073"}, {"d": ["4", "9", "20", "2", "35", "40"], "s": "44", "t": "2010/06/22", "n": "\r\n\t\t\t074"}, {"d": ["23", "34", "5", "26", "49", "31"], "s": "24", "t": "2010/06/24", "n": "\r\n\t\t\t075"}, {"d": ["20", "7", "15", "41", "13", "21"], "s": "2", "t": "2010/06/26", "n": "\r\n\t\t\t076"}, {"d": ["21", "11", "41", "48", "8", "38"], "s": "49", "t": "2010/06/29", "n": "\r\n\t\t\t077"}, {"d": ["2", "49", "14", "13", "45", "21"], "s": "19", "t": "2010/07/03", "n": "\r\n\t\t\t078"}, {"d": ["42", "21", "14", "17", "46", "29"], "s": "49", "t": "2010/07/06", "n": "\r\n\t\t\t079"}, {"d": ["40", "4", "47", "16", "46", "43"], "s": "27", "t": "2010/07/08", "n": "\r\n\t\t\t080"}, {"d": ["2", "42", "25", "27", "22", "35"], "s": "13", "t": "2010/07/10", "n": "\r\n\t\t\t081"}, {"d": ["5", "25", "48", "43", "2", "3"], "s": "24", "t": "2010/07/13", "n": "\r\n\t\t\t082"}, {"d": ["2", "16", "41", "10", "44", "18"], "s": "31", "t": "2010/07/15", "n": "\r\n\t\t\t083"}, {"d": ["7", "34", "12", "40", "48", "30"], "s": "33", "t": "2010/07/17", "n": "\r\n\t\t\t084"}, {"d": ["26", "47", "13", "29", "5", "40"], "s": "42", "t": "2010/07/20", "n": "\r\n\t\t\t085"}, {"d": ["42", "33", "15", "6", "25", "22"], "s": "24", "t": "2010/07/24", "n": "\r\n\t\t\t086"}, {"d": ["4", "17", "43", "28", "23", "46"], "s": "22", "t": "2010/07/27", "n": "\r\n\t\t\t087"}, {"d": ["12", "38", "41", "49", "13", "44"], "s": "22", "t": "2010/07/29", "n": "\r\n\t\t\t088"}, {"d": ["37", "33", "28", "29", "35", "12"], "s": "22", "t": "2010/07/31", "n": "\r\n\t\t\t089"}, {"d": ["17", "9", "35", "31", "26", "36"], "s": "42", "t": "2010/08/03", "n": "\r\n\t\t\t090"}, {"d": ["8", "46", "42", "49", "30", "48"], "s": "7", "t": "2010/08/05", "n": "\r\n\t\t\t091"}, {"d": ["46", "45", "34", "18", "41", "3"], "s": "37", "t": "2010/08/07", "n": "\r\n\t\t\t092"}, {"d": ["39", "20", "12", "30", "5", "8"], "s": "23", "t": "2010/08/10", "n": "\r\n\t\t\t093"}, {"d": ["29", "17", "42", "6", "48", "33"], "s": "34", "t": "2010/08/12", "n": "\r\n\t\t\t094"}, {"d": ["38", "17", "34", "46", "6", "12"], "s": "43", "t": "2010/08/14", "n": "\r\n\t\t\t095"}, {"d": ["25", "2", "35", "8", "5", "22"], "s": "16", "t": "2010/08/17", "n": "\r\n\t\t\t096"}, {"d": ["8", "43", "48", "12", "30", "46"], "s": "35", "t": "2010/08/19", "n": "\r\n\t\t\t097"}, {"d": ["49", "34", "40", "21", "37", "18"], "s": "28", "t": "2010/08/21", "n": "\r\n\t\t\t098"}, {"d": ["11", "9", "37", "6", "25", "16"], "s": "45", "t": "2010/08/24", "n": "\r\n\t\t\t099"}, {"d": ["10", "9", "1", "36", "7", "44"], "s": "37", "t": "2010/08/26", "n": "100"}, {"d": ["3", "1", "6", "7", "49", "36"], "s": "42", "t": "2010/08/28", "n": "101"}, {"d": ["46", "6", "39", "49", "40", "16"], "s": "41", "t": "2010/08/30", "n": "102"}, {"d": ["11", "48", "7", "23", "3", "20"], "s": "38", "t": "2010/09/02", "n": "103"}, {"d": ["17", "25", "34", "43", "19", "45"], "s": "47", "t": "2010/09/04", "n": "104"}, {"d": ["2", "3", "16", "42", "43", "45"], "s": "27", "t": "2010/09/07", "n": "105"}, {"d": ["19", "34", "37", "4", "2", "41"], "s": "5", "t": "2010/09/09", "n": "106"}, {"d": ["35", "36", "24", "39", "10", "20"], "s": "12", "t": "2010/09/11", "n": "107"}, {"d": ["3", "22", "39", "4", "7", "30"], "s": "6", "t": "2010/09/14", "n": "108"}, {"d": ["8", "47", "49", "5", "46", "31"], "s": "34", "t": "2010/09/16", "n": "109"}, {"d": ["40", "26", "33", "19", "12", "17"], "s": "25", "t": "2010/09/19", "n": "110"}, {"d": ["35", "23", "48", "36", "13", "10"], "s": "47", "t": "2010/09/21", "n": "111"}, {"d": ["39", "23", "30", "37", "16", "43"], "s": "5", "t": "2010/09/25", "n": "112"}, {"d": ["49", "42", "31", "30", "45", "7"], "s": "46", "t": "2010/09/28", "n": "113"}, {"d": ["26", "18", "22", "21", "29", "9"], "s": "27", "t": "2010/09/30", "n": "114"}, {"d": ["16", "36", "27", "21", "7", "17"], "s": "6", "t": "2010/10/02", "n": "115"}, {"d": ["29", "16", "8", "31", "5", "6"], "s": "12", "t": "2010/10/05", "n": "116"}, {"d": ["21", "15", "14", "22", "40", "32"], "s": "2", "t": "2010/10/07", "n": "117"}, {"d": ["22", "37", "45", "44", "41", "42"], "s": "27", "t": "2010/10/09", "n": "118"}, {"d": ["24", "13", "38", "46", "21", "9"], "s": "27", "t": "2010/10/12", "n": "119"}, {"d": ["47", "10", "26", "42", "7", "4"], "s": "13", "t": "2010/10/14", "n": "120"}, {"d": ["30", "45", "1", "44", "49", "29"], "s": "41", "t": "2010/10/16", "n": "121"}, {"d": ["38", "29", "43", "20", "2", "39"], "s": "37", "t": "2010/10/19", "n": "122"}, {"d": ["9", "35", "46", "4", "23", "49"], "s": "18", "t": "2010/10/21", "n": "123"}, {"d": ["28", "33", "42", "1", "41", "45"], "s": "8", "t": "2010/10/23", "n": "124"}, {"d": ["14", "33", "41", "20", "3", "8"], "s": "32", "t": "2010/10/26", "n": "125"}, {"d": ["8", "47", "31", "36", "17", "9"], "s": "46", "t": "2010/10/28", "n": "126"}, {"d": ["24", "12", "7", "49", "8", "30"], "s": "27", "t": "2010/10/30", "n": "127"}, {"d": ["36", "17", "24", "5", "45", "25"], "s": "15", "t": "2010/11/02", "n": "128"}, {"d": ["27", "25", "9", "5", "44", "33"], "s": "17", "t": "2010/11/04", "n": "129"}, {"d": ["41", "45", "43", "49", "15", "4"], "s": "18", "t": "2010/11/09", "n": "130"}, {"d": ["15", "43", "5", "29", "6", "28"], "s": "48", "t": "2010/11/11", "n": "131"}, {"d": ["21", "28", "48", "47", "7", "18"], "s": "35", "t": "2010/11/13", "n": "132"}, {"d": ["46", "3", "39", "49", "12", "20"], "s": "19", "t": "2010/11/16", "n": "133"}, {"d": ["30", "6", "47", "20", "33", "39"], "s": "23", "t": "2010/11/18", "n": "134"}, {"d": ["6", "30", "9", "33", "3", "29"], "s": "14", "t": "2010/11/20", "n": "135"}, {"d": ["30", "10", "24", "11", "1", "49"], "s": "35", "t": "2010/11/23", "n": "136"}, {"d": ["28", "39", "22", "45", "17", "31"], "s": "8", "t": "2010/11/25", "n": "137"}, {"d": ["26", "44", "13", "43", "17", "25"], "s": "42", "t": "2010/11/27", "n": "138"}, {"d": ["16", "19", "45", "3", "48", "14"], "s": "9", "t": "2010/11/30", "n": "139"}, {"d": ["11", "6", "17", "40", "41", "31"], "s": "34", "t": "2010/12/02", "n": "140"}, {"d": ["10", "20", "46", "47", "9", "42"], "s": "27", "t": "2010/12/05", "n": "141"}, {"d": ["28", "12", "13", "20", "18", "48"], "s": "14", "t": "2010/12/07", "n": "142"}, {"d": ["4", "20", "10", "33", "36", "25"], "s": "37", "t": "2010/12/09", "n": "143"}, {"d": ["27", "15", "24", "30", "18", "22"], "s": "10", "t": "2010/12/11", "n": "144"}, {"d": ["29", "28", "7", "48", "3", "38"], "s": "40", "t": "2010/12/14", "n": "145"}, {"d": ["18", "13", "29", "19", "12", "27"], "s": "10", "t": "2010/12/16", "n": "146"}, {"d": ["45", "15", "39", "19", "34", "44"], "s": "23", "t": "2010/12/18", "n": "147"}, {"d": ["4", "41", "12", "18", "16", "5"], "s": "7", "t": "2010/12/20", "n": "148"}, {"d": ["4", "3", "35", "41", "24", "15"], "s": "36", "t": "2010/12/22", "n": "149"}, {"d": ["4", "43", "1", "13", "2", "48"], "s": "11", "t": "2010/12/25", "n": "150"}, {"d": ["8", "36", "28", "37", "23", "31"], "s": "12", "t": "2010/12/28", "n": "151"}, {"d": ["13", "4", "18", "39", "36", "20"], "s": "12", "t": "2010/12/30", "n": "152"}], "year": 2010}