{"data": [{"d": ["1", "13", "20", "24", "37", "39"], "s": "3", "t": "2011/01/02", "n": "001"}, {"d": ["20", "39", "16", "9", "38", "4"], "s": "40", "t": "2011/01/04", "n": "002"}, {"d": ["7", "26", "4", "15", "14", "19"], "s": "43", "t": "2011/01/06", "n": "003"}, {"d": ["12", "27", "21", "33", "10", "18"], "s": "4", "t": "2011/01/08", "n": "004"}, {"d": ["29", "42", "48", "1", "2", "37"], "s": "38", "t": "2011/01/11", "n": "005"}, {"d": ["17", "25", "19", "36", "44", "40"], "s": "10", "t": "2011/01/13", "n": "006"}, {"d": ["31", "18", "32", "46", "13", "29"], "s": "2", "t": "2011/01/15", "n": "007"}, {"d": ["41", "15", "9", "21", "33", "31"], "s": "37", "t": "2011/01/18", "n": "008"}, {"d": ["28", "42", "37", "21", "30", "5"], "s": "48", "t": "2011/01/20", "n": "009"}, {"d": ["15", "49", "45", "39", "1", "30"], "s": "37", "t": "2011/01/22", "n": "010"}, {"d": ["16", "17", "26", "9", "21", "14"], "s": "20", "t": "2011/01/25", "n": "011"}, {"d": ["6", "25", "35", "14", "29", "1"], "s": "48", "t": "2011/01/27", "n": "012"}, {"d": ["9", "10", "8", "29", "49", "5"], "s": "46", "t": "2011/01/29", "n": "013"}, {"d": ["46", "32", "8", "22", "48", "1"], "s": "9", "t": "2011/02/01", "n": "014"}, {"d": ["28", "36", "37", "8", "10", "6"], "s": "21", "t": "2011/02/03", "n": "015"}, {"d": ["31", "1", "16", "27", "47", "2"], "s": "19", "t": "2011/02/06", "n": "016"}, {"d": ["28", "21", "32", "34", "11", "27"], "s": "17", "t": "2011/02/08", "n": "017"}, {"d": ["36", "9", "20", "18", "3", "2"], "s": "12", "t": "2011/02/10", "n": "018"}, {"d": ["10", "37", "20", "47", "24", "13"], "s": "16", "t": "2011/02/13", "n": "019"}, {"d": ["38", "16", "41", "17", "27", "18"], "s": "30", "t": "2011/02/15", "n": "020"}, {"d": ["30", "24", "25", "35", "9", "37"], "s": "45", "t": "2011/02/17", "n": "021"}, {"d": ["16", "13", "42", "18", "23", "34"], "s": "40", "t": "2011/02/19", "n": "022"}, {"d": ["3", "21", "28", "22", "8", "48"], "s": "5", "t": "2011/02/22", "n": "023"}, {"d": ["30", "26", "7", "29", "41", "27"], "s": "44", "t": "2011/02/24", "n": "024"}, {"d": ["47", "24", "1", "37", "33", "28"], "s": "49", "t": "2011/02/26", "n": "025"}, {"d": ["45", "4", "30", "43", "41", "25"], "s": "29", "t": "2011/03/01", "n": "026"}, {"d": ["33", "9", "8", "49", "13", "17"], "s": "30", "t": "2011/03/03", "n": "027"}, {"d": ["34", "29", "2", "25", "16", "7"], "s": "10", "t": "2011/03/05", "n": "028"}, {"d": ["37", "33", "23", "4", "47", "15"], "s": "22", "t": "2011/03/08", "n": "029"}, {"d": ["6", "21", "49", "2", "45", "46"], "s": "28", "t": "2011/03/10", "n": "030"}, {"d": ["14", "6", "43", "27", "26", "30"], "s": "21", "t": "2011/03/13", "n": "031"}, {"d": ["15", "16", "11", "4", "35", "42"], "s": "9", "t": "2011/03/15", "n": "032"}, {"d": ["5", "31", "4", "23", "48", "39"], "s": "20", "t": "2011/03/17", "n": "033"}, {"d": ["41", "33", "31", "24", "8", "12"], "s": "20", "t": "2011/03/19", "n": "034"}, {"d": ["24", "45", "18", "34", "38", "26"], "s": "15", "t": "2011/03/22", "n": "035"}, {"d": ["17", "16", "10", "42", "43", "38"], "s": "13", "t": "2011/03/24", "n": "036"}, {"d": ["2", "20", "47", "31", "12", "25"], "s": "29", "t": "2011/03/26", "n": "037"}, {"d": ["20", "49", "9", "2", "24", "1"], "s": "43", "t": "2011/03/29", "n": "038"}, {"d": ["38", "24", "39", "23", "6", "40"], "s": "32", "t": "2011/03/31", "n": "039"}, {"d": ["3", "31", "15", "36", "12", "49"], "s": "11", "t": "2011/04/02", "n": "040"}, {"d": ["26", "8", "10", "29", "41", "44"], "s": "9", "t": "2011/04/05", "n": "041"}, {"d": ["26", "21", "31", "43", "5", "1"], "s": "22", "t": "2011/04/07", "n": "042"}, {"d": ["10", "34", "24", "6", "47", "37"], "s": "12", "t": "2011/04/10", "n": "043"}, {"d": ["9", "2", "4", "31", "12", "21"], "s": "10", "t": "2011/04/12", "n": "044"}, {"d": ["12", "14", "37", "23", "39", "32"], "s": "28", "t": "2011/04/14", "n": "045"}, {"d": ["17", "16", "1", "36", "26", "31"], "s": "45", "t": "2011/04/16", "n": "046"}, {"d": ["22", "20", "18", "1", "46", "8"], "s": "28", "t": "2011/04/19", "n": "047"}, {"d": ["26", "22", "9", "1", "6", "10"], "s": "35", "t": "2011/04/21", "n": "048"}, {"d": ["43", "26", "30", "31", "2", "4"], "s": "38", "t": "2011/04/23", "n": "049"}, {"d": ["30", "25", "29", "15", "11", "49"], "s": "47", "t": "2011/04/26", "n": "050"}, {"d": ["30", "6", "49", "1", "15", "33"], "s": "3", "t": "2011/04/28", "n": "051"}, {"d": ["30", "34", "23", "10", "29", "9"], "s": "36", "t": "2011/04/30", "n": "052"}, {"d": ["34", "2", "23", "38", "13", "3"], "s": "5", "t": "2011/05/03", "n": "053"}, {"d": ["5", "32", "48", "20", "15", "6"], "s": "22", "t": "2011/05/05", "n": "054"}, {"d": ["29", "14", "26", "10", "39", "41"], "s": "6", "t": "2011/05/08", "n": "055"}, {"d": ["4", "45", "9", "39", "25", "28"], "s": "30", "t": "2011/05/12", "n": "056"}, {"d": ["4", "22", "15", "33", "10", "35"], "s": "48", "t": "2011/05/14", "n": "057"}, {"d": ["35", "49", "12", "27", "46", "14"], "s": "31", "t": "2011/05/17", "n": "058"}, {"d": ["48", "32", "15", "18", "30", "13"], "s": "8", "t": "2011/05/20", "n": "059"}, {"d": ["45", "36", "47", "17", "22", "15"], "s": "35", "t": "2011/05/22", "n": "060"}, {"d": ["48", "39", "33", "20", "11", "31"], "s": "4", "t": "2011/05/24", "n": "061"}, {"d": ["48", "5", "6", "37", "44", "22"], "s": "23", "t": "2011/05/26", "n": "062"}, {"d": ["38", "7", "43", "44", "13", "34"], "s": "10", "t": "2011/05/28", "n": "063"}, {"d": ["4", "24", "10", "1", "30", "39"], "s": "8", "t": "2011/05/31", "n": "064"}, {"d": ["47", "23", "39", "7", "2", "18"], "s": "17", "t": "2011/06/02", "n": "065"}, {"d": ["46", "33", "36", "49", "7", "8"], "s": "18", "t": "2011/06/04", "n": "066"}, {"d": ["49", "24", "42", "22", "33", "36"], "s": "38", "t": "2011/06/07", "n": "067"}, {"d": ["5", "42", "6", "3", "39", "15"], "s": "35", "t": "2011/06/09", "n": "068"}, {"d": ["44", "13", "4", "35", "17", "1"], "s": "22", "t": "2011/06/12", "n": "069"}, {"d": ["48", "39", "19", "13", "22", "12"], "s": "46", "t": "2011/06/14", "n": "070"}, {"d": ["4", "44", "12", "47", "48", "26"], "s": "2", "t": "2011/06/16", "n": "071"}, {"d": ["38", "44", "14", "49", "48", "16"], "s": "39", "t": "2011/06/18", "n": "072"}, {"d": ["47", "10", "32", "21", "16", "9"], "s": "38", "t": "2011/06/21", "n": "073"}, {"d": ["2", "32", "15", "27", "49", "43"], "s": "42", "t": "2011/06/23", "n": "074"}, {"d": ["23", "30", "24", "4", "34", "45"], "s": "19", "t": "2011/06/25", "n": "075"}, {"d": ["15", "17", "4", "45", "43", "47"], "s": "38", "t": "2011/06/28", "n": "076"}, {"d": ["48", "40", "49", "20", "10", "46"], "s": "13", "t": "2011/06/30", "n": "077"}, {"d": ["35", "31", "34", "5", "13", "33"], "s": "27", "t": "2011/07/02", "n": "078"}, {"d": ["9", "32", "16", "28", "30", "22"], "s": "37", "t": "2011/07/05", "n": "079"}, {"d": ["35", "10", "29", "40", "14", "46"], "s": "30", "t": "2011/07/07", "n": "080"}, {"d": ["10", "48", "1", "13", "42", "11"], "s": "15", "t": "2011/07/09", "n": "081"}, {"d": ["41", "16", "28", "33", "18", "45"], "s": "29", "t": "2011/07/12", "n": "082"}, {"d": ["48", "11", "33", "37", "45", "13"], "s": "36", "t": "2011/07/14", "n": "083"}, {"d": ["11", "20", "31", "48", "49", "17"], "s": "35", "t": "2011/07/16", "n": "084"}, {"d": ["3", "31", "10", "40", "43", "41"], "s": "20", "t": "2011/07/19", "n": "085"}, {"d": ["30", "28", "26", "49", "6", "18"], "s": "22", "t": "2011/07/21", "n": "086"}, {"d": ["37", "29", "8", "48", "27", "7"], "s": "21", "t": "2011/07/24", "n": "087"}, {"d": ["35", "26", "15", "34", "41", "25"], "s": "10", "t": "2011/07/26", "n": "088"}, {"d": ["47", "30", "42", "11", "36", "21"], "s": "34", "t": "2011/07/28", "n": "089"}, {"d": ["46", "47", "6", "45", "44", "29"], "s": "30", "t": "2011/07/30", "n": "090"}, {"d": ["24", "21", "11", "47", "25", "14"], "s": "36", "t": "2011/08/02", "n": "091"}, {"d": ["25", "32", "34", "2", "11", "39"], "s": "31", "t": "2011/08/04", "n": "092"}, {"d": ["42", "30", "45", "9", "34", "31"], "s": "24", "t": "2011/08/06", "n": "093"}, {"d": ["48", "5", "25", "45", "11", "6"], "s": "34", "t": "2011/08/09", "n": "094"}, {"d": ["37", "35", "6", "25", "7", "4"], "s": "48", "t": "2011/08/11", "n": "095"}, {"d": ["31", "23", "11", "49", "37", "18"], "s": "10", "t": "2011/08/13", "n": "096"}, {"d": ["22", "38", "9", "10", "8", "5"], "s": "7", "t": "2011/08/16", "n": "097"}, {"d": ["45", "17", "43", "14", "5", "49"], "s": "12", "t": "2011/08/18", "n": "098"}, {"d": ["15", "47", "17", "13", "26", "23"], "s": "1", "t": "2011/08/20", "n": "099"}, {"d": ["41", "24", "25", "36", "11", "45"], "s": "40", "t": "2011/08/23", "n": "100"}, {"d": ["25", "28", "10", "20", "6", "17"], "s": "2", "t": "2011/08/25", "n": "101"}, {"d": ["10", "9", "27", "29", "19", "45"], "s": "30", "t": "2011/08/27", "n": "102"}, {"d": ["48", "46", "49", "9", "15", "24"], "s": "6", "t": "2011/08/30", "n": "103"}, {"d": ["44", "49", "33", "34", "2", "29"], "s": "42", "t": "2011/09/02", "n": "104"}, {"d": ["22", "21", "4", "46", "18", "39"], "s": "29", "t": "2011/09/04", "n": "105"}, {"d": ["21", "44", "7", "4", "23", "1"], "s": "17", "t": "2011/09/06", "n": "106"}, {"d": ["44", "30", "39", "18", "14", "22"], "s": "32", "t": "2011/09/08", "n": "107"}, {"d": ["49", "19", "15", "36", "44", "45"], "s": "16", "t": "2011/09/10", "n": "108"}, {"d": ["46", "16", "28", "13", "19", "11"], "s": "22", "t": "2011/09/13", "n": "109"}, {"d": ["49", "29", "13", "41", "5", "7"], "s": "25", "t": "2011/09/15", "n": "110"}, {"d": ["14", "6", "43", "25", "35", "12"], "s": "42", "t": "2011/09/17", "n": "111"}, {"d": ["40", "10", "47", "48", "27", "33"], "s": "13", "t": "2011/09/20", "n": "112"}, {"d": ["39", "44", "10", "8", "27", "19"], "s": "6", "t": "2011/09/22", "n": "113"}, {"d": ["34", "40", "16", "18", "28", "6"], "s": "38", "t": "2011/09/24", "n": "114"}, {"d": ["37", "4", "23", "22", "49", "40"], "s": "13", "t": "2011/09/27", "n": "115"}, {"d": ["37", "22", "41", "9", "14", "45"], "s": "5", "t": "2011/10/02", "n": "116"}, {"d": ["39", "1", "37", "9", "4", "15"], "s": "47", "t": "2011/10/04", "n": "117"}, {"d": ["24", "37", "41", "4", "8", "26"], "s": "33", "t": "2011/10/08", "n": "118"}, {"d": ["33", "25", "6", "22", "2", "39"], "s": "46", "t": "2011/10/11", "n": "119"}, {"d": ["33", "30", "40", "28", "2", "8"], "s": "23", "t": "2011/10/13", "n": "120"}, {"d": ["37", "41", "11", "24", "43", "28"], "s": "13", "t": "2011/10/15", "n": "121"}, {"d": ["23", "37", "48", "9", "4", "47"], "s": "14", "t": "2011/10/18", "n": "122"}, {"d": ["32", "16", "34", "23", "35", "2"], "s": "40", "t": "2011/10/20", "n": "123"}, {"d": ["1", "11", "20", "18", "26", "30"], "s": "47", "t": "2011/10/22", "n": "124"}, {"d": ["26", "35", "22", "29", "27", "17"], "s": "44", "t": "2011/10/25", "n": "125"}, {"d": ["46", "48", "22", "1", "43", "9"], "s": "49", "t": "2011/10/27", "n": "126"}, {"d": ["12", "15", "17", "39", "5", "18"], "s": "47", "t": "2011/10/29", "n": "127"}, {"d": ["19", "8", "21", "15", "24", "44"], "s": "10", "t": "2011/11/01", "n": "128"}, {"d": ["3", "1", "34", "44", "41", "21"], "s": "43", "t": "2011/11/03", "n": "129"}, {"d": ["3", "16", "11", "1", "7", "34"], "s": "49", "t": "2011/11/06", "n": "130"}, {"d": ["30", "23", "34", "2", "40", "42"], "s": "48", "t": "2011/11/08", "n": "131"}, {"d": ["4", "37", "49", "20", "7", "9"], "s": "33", "t": "2011/11/10", "n": "132"}, {"d": ["17", "33", "42", "10", "29", "48"], "s": "35", "t": "2011/11/12", "n": "133"}, {"d": ["14", "30", "26", "25", "11", "7"], "s": "29", "t": "2011/11/15", "n": "134"}, {"d": ["3", "44", "42", "23", "6", "24"], "s": "35", "t": "2011/11/17", "n": "135"}, {"d": ["14", "22", "13", "10", "47", "12"], "s": "21", "t": "2011/11/19", "n": "136"}, {"d": ["24", "43", "21", "47", "31", "7"], "s": "5", "t": "2011/11/22", "n": "137"}, {"d": ["35", "3", "41", "38", "5", "19"], "s": "32", "t": "2011/11/24", "n": "138"}, {"d": ["39", "33", "47", "42", "22", "4"], "s": "14", "t": "2011/11/26", "n": "139"}, {"d": ["13", "6", "42", "40", "37", "3"], "s": "29", "t": "2011/11/29", "n": "140"}, {"d": ["22", "33", "1", "8", "28", "3"], "s": "5", "t": "2011/12/01", "n": "141"}, {"d": ["18", "37", "3", "2", "9", "23"], "s": "31", "t": "2011/12/03", "n": "142"}, {"d": ["5", "1", "11", "2", "43", "6"], "s": "25", "t": "2011/12/06", "n": "143"}, {"d": ["20", "28", "22", "36", "48", "5"], "s": "1", "t": "2011/12/08", "n": "144"}, {"d": ["3", "42", "21", "25", "14", "27"], "s": "34", "t": "2011/12/10", "n": "145"}, {"d": ["40", "36", "38", "3", "25", "32"], "s": "31", "t": "2011/12/13", "n": "146"}, {"d": ["21", "29", "43", "47", "9", "34"], "s": "32", "t": "2011/12/15", "n": "147"}, {"d": ["1", "38", "35", "23", "2", "46"], "s": "5", "t": "2011/12/18", "n": "148"}, {"d": ["43", "31", "26", "29", "49", "37"], "s": "2", "t": "2011/12/20", "n": "149"}, {"d": ["49", "37", "5", "18", "16", "28"], "s": "24", "t": "2011/12/22", "n": "150"}, {"d": ["27", "17", "24", "4", "1", "43"], "s": "41", "t": "2011/12/24", "n": "151"}, {"d": ["30", "8", "37", "48", "38", "31"], "s": "5", "t": "2011/12/26", "n": "152"}, {"d": ["39", "23", "7", "21", "10", "29"], "s": "1", "t": "2011/12/29", "n": "153"}, {"d": ["27", "3", "44", "40", "2", "49"], "s": "38", "t": "2011/12/31", "n": "154"}], "year": 2011}