{"data": [{"d": ["31", "5", "12", "37", "45", "34"], "s": "10", "t": "2012/01/03", "n": "001"}, {"d": ["33", "48", "11", "46", "9", "43"], "s": "2", "t": "2012/01/05", "n": "002"}, {"d": ["31", "3", "7", "32", "10", "35"], "s": "30", "t": "2012/01/07", "n": "003"}, {"d": ["26", "31", "35", "20", "3", "32"], "s": "12", "t": "2012/01/10", "n": "004"}, {"d": ["44", "36", "27", "48", "15", "32"], "s": "47", "t": "2012/01/12", "n": "005"}, {"d": ["36", "10", "24", "13", "20", "29"], "s": "14", "t": "2012/01/14", "n": "006"}, {"d": ["36", "24", "44", "16", "35", "23"], "s": "1", "t": "2012/01/17", "n": "007"}, {"d": ["18", "14", "2", "39", "25", "1"], "s": "31", "t": "2012/01/19", "n": "008"}, {"d": ["20", "47", "10", "18", "14", "34"], "s": "41", "t": "2012/01/22", "n": "009"}, {"d": ["10", "34", "3", "11", "29", "17"], "s": "15", "t": "2012/01/26", "n": "010"}, {"d": ["29", "42", "46", "28", "27", "22"], "s": "49", "t": "2012/01/31", "n": "011"}, {"d": ["45", "14", "20", "38", "46", "21"], "s": "47", "t": "2012/02/02", "n": "012"}, {"d": ["6", "20", "27", "12", "16", "38"], "s": "7", "t": "2012/02/04", "n": "013"}, {"d": ["11", "30", "41", "45", "16", "34"], "s": "47", "t": "2012/02/07", "n": "014"}, {"d": ["12", "33", "34", "20", "3", "41"], "s": "43", "t": "2012/02/09", "n": "015"}, {"d": ["39", "34", "9", "41", "33", "7"], "s": "48", "t": "2012/02/12", "n": "016"}, {"d": ["37", "10", "14", "49", "39", "21"], "s": "25", "t": "2012/02/14", "n": "017"}, {"d": ["25", "44", "4", "12", "42", "18"], "s": "8", "t": "2012/02/16", "n": "018"}, {"d": ["5", "16", "41", "46", "12", "17"], "s": "15", "t": "2012/02/18", "n": "019"}, {"d": ["49", "1", "15", "35", "11", "12"], "s": "17", "t": "2012/02/21", "n": "020"}, {"d": ["47", "22", "15", "5", "1", "43"], "s": "37", "t": "2012/02/23", "n": "021"}, {"d": ["49", "26", "27", "14", "24", "12"], "s": "22", "t": "2012/02/25", "n": "022"}, {"d": ["24", "8", "37", "49", "28", "9"], "s": "47", "t": "2012/02/28", "n": "023"}, {"d": ["31", "40", "34", "30", "47", "25"], "s": "13", "t": "2012/03/01", "n": "024"}, {"d": ["1", "4", "8", "28", "21", "3"], "s": "5", "t": "2012/03/03", "n": "025"}, {"d": ["7", "36", "33", "28", "3", "31"], "s": "32", "t": "2012/03/06", "n": "026"}, {"d": ["3", "36", "35", "5", "17", "9"], "s": "43", "t": "2012/03/08", "n": "027"}, {"d": ["42", "23", "48", "33", "39", "10"], "s": "34", "t": "2012/03/11", "n": "028"}, {"d": ["7", "26", "43", "47", "8", "48"], "s": "12", "t": "2012/03/13", "n": "029"}, {"d": ["34", "28", "49", "4", "31", "48"], "s": "6", "t": "2012/03/15", "n": "030"}, {"d": ["18", "13", "23", "4", "45", "6"], "s": "15", "t": "2012/03/17", "n": "031"}, {"d": ["46", "13", "44", "29", "11", "18"], "s": "37", "t": "2012/03/20", "n": "032"}, {"d": ["2", "47", "38", "48", "49", "35"], "s": "41", "t": "2012/03/22", "n": "033"}, {"d": ["49", "23", "35", "32", "3", "43"], "s": "34", "t": "2012/03/24", "n": "034"}, {"d": ["25", "17", "43", "2", "7", "30"], "s": "38", "t": "2012/03/27", "n": "035"}, {"d": ["21", "28", "16", "10", "31", "29"], "s": "8", "t": "2012/03/29", "n": "036"}, {"d": ["33", "44", "30", "11", "19", "37"], "s": "18", "t": "2012/03/31", "n": "037"}, {"d": ["46", "21", "47", "28", "20", "44"], "s": "42", "t": "2012/04/03", "n": "038"}, {"d": ["17", "45", "13", "15", "18", "41"], "s": "14", "t": "2012/04/05", "n": "039"}, {"d": ["24", "49", "3", "14", "22", "34"], "s": "44", "t": "2012/04/07", "n": "040"}, {"d": ["4", "47", "11", "16", "42", "26"], "s": "6", "t": "2012/04/10", "n": "041"}, {"d": ["16", "2", "25", "28", "17", "11"], "s": "41", "t": "2012/04/12", "n": "042"}, {"d": ["3", "40", "15", "20", "32", "19"], "s": "25", "t": "2012/04/14", "n": "043"}, {"d": ["7", "6", "17", "46", "35", "19"], "s": "4", "t": "2012/04/17", "n": "044"}, {"d": ["41", "5", "12", "13", "37", "20"], "s": "23", "t": "2012/04/19", "n": "045"}, {"d": ["3", "41", "21", "11", "42", "1"], "s": "2", "t": "2012/04/22", "n": "046"}, {"d": ["28", "17", "29", "34", "31", "1"], "s": "45", "t": "2012/04/24", "n": "047"}, {"d": ["17", "30", "11", "7", "22", "10"], "s": "14", "t": "2012/04/26", "n": "048"}, {"d": ["20", "19", "17", "11", "29", "32"], "s": "38", "t": "2012/04/28", "n": "049"}, {"d": ["32", "33", "19", "26", "5", "17"], "s": "22", "t": "2012/05/01", "n": "050"}, {"d": ["46", "2", "47", "49", "28", "20"], "s": "3", "t": "2012/05/03", "n": "051"}, {"d": ["4", "17", "11", "49", "29", "39"], "s": "8", "t": "2012/05/05", "n": "052"}, {"d": ["33", "9", "4", "17", "34", "10"], "s": "35", "t": "2012/05/08", "n": "053"}, {"d": ["17", "23", "46", "32", "34", "13"], "s": "41", "t": "2012/05/10", "n": "054"}, {"d": ["21", "30", "34", "45", "39", "16"], "s": "4", "t": "2012/05/13", "n": "055"}, {"d": ["23", "14", "33", "5", "22", "16"], "s": "32", "t": "2012/05/15", "n": "056"}, {"d": ["27", "1", "10", "15", "37", "21"], "s": "40", "t": "2012/05/17", "n": "057"}, {"d": ["41", "23", "47", "26", "17", "3"], "s": "33", "t": "2012/05/20", "n": "058"}, {"d": ["8", "1", "26", "32", "22", "37"], "s": "41", "t": "2012/05/22", "n": "059"}, {"d": ["2", "5", "8", "40", "29", "47"], "s": "34", "t": "2012/05/24", "n": "060"}, {"d": ["9", "20", "10", "38", "49", "22"], "s": "7", "t": "2012/05/26", "n": "061"}, {"d": ["18", "8", "31", "37", "22", "20"], "s": "46", "t": "2012/05/29", "n": "062"}, {"d": ["9", "4", "39", "47", "24", "31"], "s": "38", "t": "2012/05/31", "n": "063"}, {"d": ["43", "19", "47", "20", "9", "14"], "s": "37", "t": "2012/06/02", "n": "064"}, {"d": ["43", "21", "34", "10", "26", "35"], "s": "37", "t": "2012/06/05", "n": "065"}, {"d": ["39", "17", "4", "48", "20", "29"], "s": "9", "t": "2012/06/07", "n": "066"}, {"d": ["8", "44", "37", "15", "18", "39"], "s": "6", "t": "2012/06/10", "n": "067"}, {"d": ["30", "16", "36", "14", "7", "25"], "s": "32", "t": "2012/06/12", "n": "068"}, {"d": ["7", "29", "4", "6", "13", "2"], "s": "9", "t": "2012/06/16", "n": "069"}, {"d": ["42", "48", "26", "10", "13", "40"], "s": "24", "t": "2012/06/19", "n": "070"}, {"d": ["35", "2", "8", "5", "13", "17"], "s": "28", "t": "2012/06/21", "n": "071"}, {"d": ["34", "9", "40", "14", "17", "48"], "s": "39", "t": "2012/06/23", "n": "072"}, {"d": ["6", "19", "26", "37", "28", "49"], "s": "47", "t": "2012/06/26", "n": "073"}, {"d": ["3", "36", "19", "27", "6", "14"], "s": "24", "t": "2012/06/28", "n": "074"}, {"d": ["10", "37", "32", "28", "13", "41"], "s": "1", "t": "2012/06/30", "n": "075"}, {"d": ["6", "12", "14", "31", "10", "38"], "s": "20", "t": "2012/07/03", "n": "076"}, {"d": ["2", "24", "3", "26", "11", "27"], "s": "44", "t": "2012/07/05", "n": "077"}, {"d": ["22", "46", "4", "1", "5", "44"], "s": "37", "t": "2012/07/07", "n": "078"}, {"d": ["7", "4", "13", "28", "49", "36"], "s": "3", "t": "2012/07/10", "n": "079"}, {"d": ["40", "33", "44", "2", "39", "13"], "s": "43", "t": "2012/07/12", "n": "080"}, {"d": ["24", "2", "6", "41", "46", "16"], "s": "27", "t": "2012/07/14", "n": "081"}, {"d": ["24", "30", "11", "8", "49", "17"], "s": "3", "t": "2012/07/17", "n": "082"}, {"d": ["30", "46", "34", "20", "9", "35"], "s": "29", "t": "2012/07/19", "n": "083"}, {"d": ["19", "23", "7", "45", "34", "30"], "s": "13", "t": "2012/07/21", "n": "084"}, {"d": ["22", "23", "15", "45", "11", "10"], "s": "31", "t": "2012/07/24", "n": "085"}, {"d": ["22", "11", "44", "24", "9", "13"], "s": "32", "t": "2012/07/26", "n": "086"}, {"d": ["18", "44", "45", "25", "38", "40"], "s": "5", "t": "2012/07/28", "n": "087"}, {"d": ["2", "35", "23", "16", "47", "10"], "s": "1", "t": "2012/07/31", "n": "088"}, {"d": ["49", "9", "11", "12", "22", "28"], "s": "7", "t": "2012/08/02", "n": "089"}, {"d": ["42", "20", "49", "15", "8", "41"], "s": "12", "t": "2012/08/04", "n": "090"}, {"d": ["2", "40", "9", "13", "46", "44"], "s": "10", "t": "2012/08/07", "n": "091"}, {"d": ["22", "13", "20", "46", "10", "42"], "s": "48", "t": "2012/08/09", "n": "092"}, {"d": ["5", "42", "41", "31", "11", "12"], "s": "16", "t": "2012/08/11", "n": "093"}, {"d": ["47", "34", "16", "37", "13", "2"], "s": "28", "t": "2012/08/14", "n": "094"}, {"d": ["19", "5", "23", "6", "13", "34"], "s": "8", "t": "2012/08/16", "n": "095"}, {"d": ["7", "10", "32", "34", "22", "48"], "s": "45", "t": "2012/08/18", "n": "096"}, {"d": ["36", "1", "12", "38", "7", "17"], "s": "48", "t": "2012/08/21", "n": "097"}, {"d": ["15", "13", "25", "45", "28", "47"], "s": "5", "t": "2012/08/23", "n": "098"}, {"d": ["21", "47", "38", "7", "22", "3"], "s": "27", "t": "2012/08/25", "n": "099"}, {"d": ["17", "7", "49", "29", "24", "47"], "s": "45", "t": "2012/08/28", "n": "100"}, {"d": ["21", "11", "26", "34", "7", "15"], "s": "38", "t": "2012/08/30", "n": "101"}, {"d": ["21", "19", "12", "15", "9", "47"], "s": "38", "t": "2012/09/01", "n": "102"}, {"d": ["45", "43", "24", "20", "36", "34"], "s": "3", "t": "2012/09/04", "n": "103"}, {"d": ["6", "38", "43", "13", "41", "33"], "s": "29", "t": "2012/09/06", "n": "104"}, {"d": ["4", "15", "27", "34", "7", "12"], "s": "37", "t": "2012/09/09", "n": "105"}, {"d": ["11", "41", "25", "27", "4", "39"], "s": "43", "t": "2012/09/11", "n": "106"}, {"d": ["16", "22", "42", "31", "20", "48"], "s": "43", "t": "2012/09/13", "n": "107"}, {"d": ["27", "18", "7", "21", "48", "6"], "s": "42", "t": "2012/09/15", "n": "108"}, {"d": ["27", "15", "43", "38", "42", "26"], "s": "39", "t": "2012/09/18", "n": "109"}, {"d": ["2", "49", "38", "35", "33", "13"], "s": "40", "t": "2012/09/22", "n": "110"}, {"d": ["1", "28", "17", "4", "32", "20"], "s": "47", "t": "2012/09/25", "n": "111"}, {"d": ["17", "3", "40", "15", "10", "1"], "s": "28", "t": "2012/09/27", "n": "112"}, {"d": ["2", "17", "26", "16", "8", "20"], "s": "32", "t": "2012/09/29", "n": "113"}, {"d": ["33", "12", "37", "24", "44", "25"], "s": "13", "t": "2012/10/02", "n": "114"}, {"d": ["1", "10", "47", "29", "12", "13"], "s": "9", "t": "2012/10/07", "n": "115"}, {"d": ["21", "22", "36", "15", "27", "17"], "s": "16", "t": "2012/10/09", "n": "116"}, {"d": ["46", "18", "40", "11", "1", "3"], "s": "35", "t": "2012/10/11", "n": "117"}, {"d": ["26", "5", "11", "33", "41", "6"], "s": "4", "t": "2012/10/13", "n": "118"}, {"d": ["35", "27", "9", "44", "39", "17"], "s": "40", "t": "2012/10/16", "n": "119"}, {"d": ["10", "6", "4", "16", "29", "14"], "s": "26", "t": "2012/10/18", "n": "120"}, {"d": ["31", "4", "19", "44", "34", "37"], "s": "6", "t": "2012/10/20", "n": "121"}, {"d": ["11", "29", "45", "47", "28", "41"], "s": "21", "t": "2012/10/23", "n": "122"}, {"d": ["40", "17", "43", "23", "41", "8"], "s": "28", "t": "2012/10/25", "n": "123"}, {"d": ["34", "36", "26", "28", "30", "39"], "s": "1", "t": "2012/10/27", "n": "124"}, {"d": ["40", "1", "28", "34", "20", "30"], "s": "19", "t": "2012/10/30", "n": "125"}, {"d": ["18", "34", "28", "24", "42", "15"], "s": "2", "t": "2012/11/01", "n": "126"}, {"d": ["36", "33", "46", "12", "1", "48"], "s": "41", "t": "2012/11/03", "n": "127"}, {"d": ["37", "39", "6", "28", "8", "1"], "s": "42", "t": "2012/11/06", "n": "128"}, {"d": ["47", "26", "37", "44", "31", "15"], "s": "43", "t": "2012/11/08", "n": "129"}, {"d": ["26", "45", "47", "35", "28", "9"], "s": "25", "t": "2012/11/11", "n": "130"}, {"d": ["29", "5", "30", "26", "25", "3"], "s": "31", "t": "2012/11/13", "n": "131"}, {"d": ["46", "20", "36", "41", "18", "48"], "s": "21", "t": "2012/11/15", "n": "132"}, {"d": ["12", "7", "24", "39", "43", "48"], "s": "30", "t": "2012/11/17", "n": "133"}, {"d": ["45", "2", "11", "20", "37", "47"], "s": "13", "t": "2012/11/20", "n": "134"}, {"d": ["49", "9", "22", "26", "30", "44"], "s": "31", "t": "2012/11/22", "n": "135"}, {"d": ["4", "15", "2", "3", "40", "23"], "s": "13", "t": "2012/11/24", "n": "136"}, {"d": ["47", "8", "21", "20", "34", "24"], "s": "10", "t": "2012/11/27", "n": "137"}, {"d": ["13", "32", "28", "17", "26", "34"], "s": "6", "t": "2012/11/29", "n": "138"}, {"d": ["36", "10", "17", "38", "27", "16"], "s": "47", "t": "2012/12/01", "n": "139"}, {"d": ["10", "18", "11", "37", "47", "7"], "s": "4", "t": "2012/12/04", "n": "140"}, {"d": ["1", "41", "43", "6", "38", "45"], "s": "48", "t": "2012/12/06", "n": "141"}, {"d": ["47", "22", "34", "15", "30", "33"], "s": "38", "t": "2012/12/08", "n": "142"}, {"d": ["42", "49", "15", "2", "28", "41"], "s": "24", "t": "2012/12/11", "n": "143"}, {"d": ["42", "47", "9", "6", "29", "31"], "s": "14", "t": "2012/12/13", "n": "144"}, {"d": ["18", "28", "41", "33", "21", "47"], "s": "48", "t": "2012/12/15", "n": "145"}, {"d": ["21", "8", "14", "41", "48", "45"], "s": "34", "t": "2012/12/18", "n": "146"}, {"d": ["36", "40", "4", "34", "25", "12"], "s": "49", "t": "2012/12/20", "n": "147"}, {"d": ["9", "27", "34", "28", "32", "43"], "s": "2", "t": "2012/12/23", "n": "148"}, {"d": ["24", "46", "18", "49", "23", "12"], "s": "14", "t": "2012/12/25", "n": "149"}, {"d": ["47", "29", "7", "44", "4", "39"], "s": "23", "t": "2012/12/27", "n": "150"}, {"d": ["1", "11", "33", "6", "39", "9"], "s": "40", "t": "2012/12/29", "n": "151"}, {"d": ["6", "48", "30", "5", "25", "32"], "s": "45", "t": "2012/12/31", "n": "152"}], "year": 2012}